feature,importance_mean,importance_std
hour_cos,0.12230810179007327,0.0029455946626052577
hour_sin,0.03895697477160125,0.0027204833944168435
temp_c,0.025356889492485067,0.0030298144484894084
dow_sin,0.025017574123334763,0.003335270009877119
month_sin,0.003442737014283703,0.0011129994472209436
month_cos,0.0033767366747077475,0.0011200612671696097
visibility_km,0.0026072321229987593,0.0007216566016228187
weekend_feature,0.002146422834029349,0.0010733160250160035
snow_flag,0.001990493148960315,0.0003798712650755982
rush_hour,0.0018888838662658892,0.0006001446696699963
rel_hum_pct,0.0014283002382881715,0.0005537453401795399
wind_speed_kmh,0.00025436124309354826,0.00035651518236404586
rain_flag,9.619057225886962e-05,0.00011787288384626259
dow_cos,4.485264970170988e-05,0.0006327503066505198
low_visibility,1.1487524189179866e-05,1.9509360527424598e-05
freezing_temp,0.0,0.0
adverse_weather_flag,-0.0005656551431198586,0.00015385686425508068
